{
  "log" : {
    "access": "/var/log/xray/access.log",
    "error": "/var/log/xray/error.log",
    "loglevel": "warning"
  },
  "inbounds": [
      {
      "listen": "127.0.0.1",
      "port": 10089, # CEK USER QUOTA
      "protocol": "dokodemo-door",
      "settings": {
        "address": "127.0.0.1"
      },
      "tag": "api"
      },
      {
      "port": 80,
      "protocol": "vless",
      "settings": {
        "clients": [
          {
            "id": "70a65afb-d2b2-499a-81dd-658722492556"
          }
        ],
        "decryption": "none",
        "fallbacks": [
          {
            "dest": 2092, # // SSH WS NONE CURI JA REJA HANGPA!!!
            "xver": 1
          },
          {
            "path": "/pakya-vlesswsntls",
            "dest": 4552,
            "xver": 1
          }
        ]
      },
      "streamSettings": {
       "network": "tcp",
        "security": "none",
         "tlsSettings": {
          "alpn": ["http/1.1"]
                }
            }
        },
        {
        "port": "4552",
        "listen": "127.0.0.1",
        "protocol": "vless",
        "settings": {
          "decryption":"none",
            "clients": [
               {
                 "id": "70a65afb-d2b2-499a-81dd-658722492556"
#xray-vless-nontls
#vls free 2025-06-03 2025-05-24 092726cc-a50d-4953-a2e1-6e9cbf5762da
},{"id": "092726cc-a50d-4953-a2e1-6e9cbf5762da","email": "free"
#vls Trial8595 2025-05-25 2025-05-24 7e755a1d-4361-441a-9ffd-6521108ff871
},{"id": "7e755a1d-4361-441a-9ffd-6521108ff871","email": "Trial8595"
#vls test 2025-05-25 2025-05-24 545f220c-0a85-4ebe-9070-d2fd2c510a94
},{"id": "545f220c-0a85-4ebe-9070-d2fd2c510a94","email": "test"
             }
          ]
       },
       "streamSettings":{
         "network": "ws",
            "wsSettings": {
              "acceptProxyProtocol": true,
                "path": "/pakya-vlesswsntls"
                }
            }
        }
    ],
    "outbounds": [
    {
      "protocol": "freedom",
      "settings": {}
    },
    {
      "protocol": "blackhole",
      "settings": {},
      "tag": "blocked"
    }
  ],
  "routing": {
    "rules": [
      {
        "type": "field",
        "ip": [
          "0.0.0.0/8",
          "10.0.0.0/8",
          "100.64.0.0/10",
          "169.254.0.0/16",
          "172.16.0.0/12",
          "192.0.0.0/24",
          "192.0.2.0/24",
          "192.168.0.0/16",
          "198.18.0.0/15",
          "198.51.100.0/24",
          "203.0.113.0/24",
          "::1/128",
          "fc00::/7",
          "fe80::/10"
        ],
        "outboundTag": "blocked"
      },
      {
        "inboundTag": [
          "api"
        ],
        "outboundTag": "api",
        "type": "field"
      },
      {
        "type": "field",
        "outboundTag": "blocked",
        "protocol": [
          "bittorrent"
        ]
      }
    ]
  },
  "stats": {},
  "api": {
    "services": [
      "StatsService"
    ],
    "tag": "api"
  },
  "policy": {
    "levels": {
      "0": {
        "statsUserDownlink": true,
        "statsUserUplink": true
      }
    },
    "system": {
      "statsInboundUplink": true,
      "statsInboundDownlink": true
    }
  }
}
